real_file,real_predict,real_prob_real,real_prob_fake,fake_file,fake_predict,fake_prob_real,fake_prob_fake
real_0001.wav,Real,1.0,0.0,fake_0001.wav,Fake,0.01,0.99
real_0002.wav,Real,1.0,0.0,fake_0002.wav,Fake,0.01,0.99
real_0003.wav,Real,1.0,0.0,fake_0003.wav,Fake,0.01,0.99
real_0004.wav,Real,1.0,0.0,fake_0004.wav,Fake,0.0,1.0
real_0005.wav,Real,1.0,0.0,fake_0005.wav,Fake,0.0,1.0
real_0006.wav,Real,1.0,0.0,fake_0006.wav,Fake,0.0,1.0
real_0007.wav,Real,1.0,0.0,fake_0007.wav,Fake,0.01,0.99
real_0008.wav,Real,1.0,0.0,fake_0008.wav,Fake,0.0,1.0
real_0009.wav,Real,1.0,0.0,fake_0009.wav,Fake,0.01,0.99
real_0010.wav,Real,1.0,0.0,fake_0010.wav,Fake,0.01,0.99
real_0011.wav,Real,1.0,0.0,fake_0011.wav,Fake,0.0,1.0
real_0012.wav,Real,1.0,0.0,fake_0012.wav,Fake,0.04,0.96
real_0013.wav,Real,0.99,0.01,fake_0013.wav,Fake,0.0,1.0
real_0014.wav,Real,0.99,0.01,fake_0014.wav,Fake,0.03,0.97
real_0015.wav,Real,0.99,0.01,fake_0015.wav,Fake,0.0,1.0
real_0016.wav,Real,0.99,0.01,fake_0016.wav,Fake,0.0,1.0
real_0017.wav,Real,1.0,0.0,fake_0017.wav,Fake,0.01,0.99
real_0018.wav,Real,1.0,0.0,fake_0018.wav,Fake,0.01,0.99
real_0019.wav,Real,1.0,0.0,fake_0019.wav,Fake,0.04,0.96
real_0020.wav,Real,1.0,0.0,fake_0020.wav,Fake,0.01,0.99
real_0021.wav,Real,1.0,0.0,fake_0021.wav,Fake,0.0,1.0
real_0022.wav,Real,1.0,0.0,fake_0022.wav,Fake,0.0,1.0
real_0023.wav,Real,1.0,0.0,fake_0023.wav,Fake,0.0,1.0
real_0024.wav,Real,1.0,0.0,fake_0024.wav,Fake,0.03,0.97
real_0025.wav,Real,1.0,0.0,fake_0025.wav,Fake,0.01,0.99
real_0026.wav,Real,1.0,0.0,fake_0026.wav,Fake,0.0,1.0
real_0027.wav,Real,1.0,0.0,fake_0027.wav,Fake,0.0,1.0
real_0028.wav,Real,1.0,0.0,fake_0028.wav,Fake,0.04,0.96
real_0029.wav,Real,1.0,0.0,fake_0029.wav,Fake,0.02,0.98
real_0030.wav,Real,1.0,0.0,fake_0030.wav,Fake,0.02,0.98
real_0031.wav,Real,1.0,0.0,fake_0031.wav,Fake,0.0,1.0
real_0032.wav,Real,1.0,0.0,fake_0032.wav,Fake,0.12,0.88
real_0033.wav,Real,1.0,0.0,fake_0033.wav,Fake,0.01,0.99
real_0034.wav,Real,1.0,0.0,fake_0034.wav,Fake,0.01,0.99
real_0035.wav,Real,1.0,0.0,fake_0035.wav,Fake,0.0,1.0
real_0036.wav,Real,1.0,0.0,fake_0036.wav,Fake,0.02,0.98
real_0037.wav,Real,1.0,0.0,fake_0037.wav,Fake,0.0,1.0
real_0038.wav,Real,1.0,0.0,fake_0038.wav,Fake,0.01,0.99
real_0039.wav,Real,1.0,0.0,fake_0039.wav,Fake,0.02,0.98
real_0040.wav,Real,1.0,0.0,fake_0040.wav,Fake,0.02,0.98
real_0041.wav,Real,1.0,0.0,fake_0041.wav,Fake,0.02,0.98
real_0042.wav,Real,1.0,0.0,fake_0042.wav,Fake,0.0,1.0
real_0043.wav,Real,1.0,0.0,fake_0043.wav,Fake,0.0,1.0
real_0044.wav,Real,1.0,0.0,fake_0044.wav,Fake,0.03,0.97
real_0045.wav,Real,1.0,0.0,fake_0045.wav,Fake,0.02,0.98
real_0046.wav,Real,1.0,0.0,fake_0046.wav,Fake,0.01,0.99
real_0047.wav,Real,1.0,0.0,fake_0047.wav,Fake,0.0,1.0
real_0048.wav,Real,1.0,0.0,fake_0048.wav,Fake,0.02,0.98
real_0049.wav,Real,1.0,0.0,fake_0049.wav,Fake,0.03,0.97
real_0050.wav,Real,1.0,0.0,fake_0050.wav,Fake,0.01,0.99
real_0051.wav,Real,1.0,0.0,fake_0051.wav,Fake,0.01,0.99
real_0052.wav,Real,1.0,0.0,fake_0052.wav,Fake,0.22,0.78
real_0053.wav,Real,1.0,0.0,fake_0053.wav,Fake,0.01,0.99
real_0054.wav,Real,1.0,0.0,fake_0054.wav,Fake,0.05,0.95
real_0055.wav,Real,1.0,0.0,fake_0055.wav,Fake,0.12,0.88
real_0056.wav,Real,1.0,0.0,fake_0056.wav,Fake,0.06,0.94
real_0057.wav,Real,1.0,0.0,fake_0057.wav,Fake,0.02,0.98
real_0058.wav,Real,1.0,0.0,fake_0058.wav,Fake,0.02,0.98
real_0059.wav,Real,1.0,0.0,fake_0059.wav,Fake,0.1,0.9
real_0060.wav,Real,1.0,0.0,fake_0060.wav,Fake,0.3,0.7
real_0061.wav,Real,1.0,0.0,fake_0061.wav,Fake,0.02,0.98
real_0062.wav,Real,1.0,0.0,fake_0062.wav,Fake,0.02,0.98
real_0063.wav,Real,1.0,0.0,fake_0063.wav,Fake,0.01,0.99
real_0064.wav,Real,1.0,0.0,fake_0064.wav,Fake,0.03,0.97
real_0065.wav,Real,1.0,0.0,fake_0065.wav,Fake,0.05,0.95
real_0066.wav,Real,1.0,0.0,fake_0066.wav,Fake,0.02,0.98
real_0067.wav,Real,1.0,0.0,fake_0067.wav,Fake,0.03,0.97
real_0068.wav,Real,1.0,0.0,fake_0068.wav,Fake,0.02,0.98
real_0069.wav,Real,1.0,0.0,fake_0069.wav,Fake,0.04,0.96
real_0070.wav,Real,1.0,0.0,fake_0070.wav,Fake,0.05,0.95
real_0071.wav,Real,1.0,0.0,fake_0071.wav,Fake,0.19,0.81
real_0072.wav,Real,1.0,0.0,fake_0072.wav,Fake,0.03,0.97
real_0073.wav,Real,1.0,0.0,fake_0073.wav,Fake,0.03,0.97
real_0074.wav,Real,1.0,0.0,fake_0074.wav,Fake,0.04,0.96
real_0075.wav,Real,1.0,0.0,fake_0075.wav,Fake,0.04,0.96
real_0076.wav,Real,1.0,0.0,fake_0076.wav,Fake,0.01,0.99
real_0077.wav,Real,1.0,0.0,fake_0077.wav,Fake,0.05,0.95
real_0078.wav,Real,1.0,0.0,fake_0078.wav,Fake,0.01,0.99
real_0079.wav,Real,1.0,0.0,fake_0079.wav,Fake,0.08,0.92
real_0080.wav,Real,1.0,0.0,fake_0080.wav,Fake,0.02,0.98
real_0081.wav,Real,1.0,0.0,fake_0081.wav,Fake,0.07,0.93
real_0082.wav,Real,1.0,0.0,fake_0082.wav,Fake,0.23,0.77
real_0083.wav,Real,1.0,0.0,fake_0083.wav,Fake,0.06,0.94
real_0084.wav,Real,1.0,0.0,fake_0084.wav,Fake,0.11,0.89
real_0085.wav,Real,1.0,0.0,fake_0085.wav,Fake,0.11,0.89
real_0086.wav,Real,1.0,0.0,fake_0086.wav,Fake,0.03,0.97
real_0087.wav,Real,1.0,0.0,fake_0087.wav,Fake,0.1,0.9
real_0088.wav,Real,1.0,0.0,fake_0088.wav,Fake,0.05,0.95
real_0089.wav,Real,1.0,0.0,fake_0089.wav,Fake,0.15,0.85
real_0090.wav,Real,1.0,0.0,fake_0090.wav,Fake,0.08,0.92
real_0091.wav,Real,1.0,0.0,fake_0091.wav,Fake,0.1,0.9
real_0092.wav,Real,1.0,0.0,fake_0092.wav,Fake,0.06,0.94
real_0093.wav,Real,0.99,0.01,fake_0093.wav,Fake,0.03,0.97
real_0094.wav,Real,0.99,0.01,fake_0094.wav,Fake,0.09,0.91
real_0095.wav,Real,0.99,0.01,fake_0095.wav,Fake,0.02,0.98
real_0096.wav,Real,0.99,0.01,fake_0096.wav,Fake,0.06,0.94
real_0097.wav,Real,1.0,0.0,fake_0097.wav,Fake,0.05,0.95
real_0098.wav,Real,1.0,0.0,fake_0098.wav,Fake,0.03,0.97
real_0099.wav,Real,1.0,0.0,fake_0099.wav,Fake,0.07,0.93
real_0100.wav,Real,1.0,0.0,fake_0100.wav,Fake,0.01,0.99
real_0101.wav,Real,1.0,0.0,fake_0101.wav,Fake,0.04,0.96
real_0102.wav,Real,1.0,0.0,fake_0102.wav,Fake,0.2,0.8
real_0103.wav,Real,1.0,0.0,fake_0103.wav,Fake,0.04,0.96
real_0104.wav,Real,1.0,0.0,fake_0104.wav,Fake,0.02,0.98
real_0105.wav,Real,1.0,0.0,fake_0105.wav,Fake,0.07,0.93
real_0106.wav,Real,1.0,0.0,fake_0106.wav,Fake,0.07,0.93
real_0107.wav,Real,1.0,0.0,fake_0107.wav,Fake,0.14,0.86
real_0108.wav,Real,1.0,0.0,fake_0108.wav,Fake,0.14,0.86
real_0109.wav,Real,1.0,0.0,fake_0109.wav,Fake,0.03,0.97
real_0110.wav,Real,1.0,0.0,fake_0110.wav,Fake,0.05,0.95
real_0111.wav,Real,1.0,0.0,fake_0111.wav,Fake,0.06,0.94
real_0112.wav,Real,1.0,0.0,fake_0112.wav,Fake,0.09,0.91
real_0113.wav,Real,1.0,0.0,fake_0113.wav,Fake,0.13,0.87
real_0114.wav,Real,1.0,0.0,fake_0114.wav,Fake,0.09,0.91
real_0115.wav,Real,1.0,0.0,fake_0115.wav,Fake,0.05,0.95
real_0116.wav,Real,1.0,0.0,fake_0116.wav,Fake,0.04,0.96
real_0117.wav,Real,1.0,0.0,fake_0117.wav,Fake,0.18,0.82
real_0118.wav,Real,1.0,0.0,fake_0118.wav,Fake,0.01,0.99
real_0119.wav,Real,1.0,0.0,fake_0119.wav,Fake,0.07,0.93
real_0120.wav,Real,1.0,0.0,fake_0120.wav,Fake,0.07,0.93
real_0121.wav,Real,1.0,0.0,fake_0121.wav,Fake,0.1,0.9
real_0122.wav,Real,1.0,0.0,fake_0122.wav,Fake,0.02,0.98
real_0123.wav,Real,1.0,0.0,fake_0123.wav,Fake,0.01,0.99
real_0124.wav,Real,1.0,0.0,fake_0124.wav,Fake,0.04,0.96
real_0125.wav,Real,0.99,0.01,fake_0125.wav,Fake,0.02,0.98
real_0126.wav,Real,0.99,0.01,fake_0126.wav,Fake,0.03,0.97
real_0127.wav,Real,0.99,0.01,fake_0127.wav,Fake,0.01,0.99
real_0128.wav,Real,0.99,0.01,fake_0128.wav,Fake,0.01,0.99
real_0129.wav,Real,1.0,0.0,fake_0129.wav,Fake,0.09,0.91
real_0130.wav,Real,1.0,0.0,fake_0130.wav,Fake,0.0,1.0
real_0131.wav,Real,1.0,0.0,fake_0131.wav,Fake,0.03,0.97
real_0132.wav,Real,1.0,0.0,fake_0132.wav,Fake,0.03,0.97
real_0133.wav,Real,0.98,0.02,fake_0133.wav,Fake,0.03,0.97
real_0134.wav,Real,0.98,0.02,fake_0134.wav,Fake,0.03,0.97
real_0135.wav,Real,0.98,0.02,fake_0135.wav,Fake,0.04,0.96
real_0136.wav,Real,0.98,0.02,fake_0136.wav,Fake,0.05,0.95
real_0137.wav,Real,1.0,0.0,fake_0137.wav,Fake,0.01,0.99
real_0138.wav,Real,1.0,0.0,fake_0138.wav,Fake,0.01,0.99
real_0139.wav,Real,1.0,0.0,fake_0139.wav,Fake,0.02,0.98
real_0140.wav,Real,1.0,0.0,fake_0140.wav,Fake,0.01,0.99
real_0141.wav,Real,1.0,0.0,fake_0141.wav,Fake,0.05,0.95
real_0142.wav,Real,1.0,0.0,fake_0142.wav,Fake,0.14,0.86
real_0143.wav,Real,1.0,0.0,fake_0143.wav,Fake,0.04,0.96
real_0144.wav,Real,1.0,0.0,fake_0144.wav,Fake,0.15,0.85
real_0145.wav,Real,1.0,0.0,fake_0145.wav,Fake,0.0,1.0
real_0146.wav,Real,1.0,0.0,fake_0146.wav,Fake,0.01,0.99
real_0147.wav,Real,1.0,0.0,fake_0147.wav,Fake,0.09,0.91
real_0148.wav,Real,1.0,0.0,fake_0148.wav,Fake,0.01,0.99
real_0149.wav,Real,1.0,0.0,fake_0149.wav,Fake,0.01,0.99
real_0150.wav,Real,1.0,0.0,fake_0150.wav,Fake,0.01,0.99
real_0151.wav,Real,1.0,0.0,fake_0151.wav,Fake,0.03,0.97
real_0152.wav,Real,1.0,0.0,fake_0152.wav,Fake,0.04,0.96
real_0153.wav,Real,1.0,0.0,fake_0153.wav,Fake,0.05,0.95
real_0154.wav,Real,1.0,0.0,fake_0154.wav,Fake,0.04,0.96
real_0155.wav,Real,1.0,0.0,fake_0155.wav,Fake,0.01,0.99
real_0156.wav,Real,1.0,0.0,fake_0156.wav,Fake,0.11,0.89
real_0157.wav,Real,1.0,0.0,fake_0157.wav,Fake,0.03,0.97
real_0158.wav,Real,1.0,0.0,fake_0158.wav,Fake,0.01,0.99
real_0159.wav,Real,1.0,0.0,fake_0159.wav,Fake,0.04,0.96
real_0160.wav,Real,1.0,0.0,fake_0160.wav,Fake,0.02,0.98
real_0161.wav,Real,1.0,0.0,fake_0161.wav,Fake,0.03,0.97
real_0162.wav,Real,1.0,0.0,fake_0162.wav,Fake,0.03,0.97
real_0163.wav,Real,1.0,0.0,fake_0163.wav,Fake,0.06,0.94
real_0164.wav,Real,1.0,0.0,fake_0164.wav,Fake,0.14,0.86
real_0165.wav,Real,1.0,0.0,fake_0165.wav,Fake,0.03,0.97
real_0166.wav,Real,1.0,0.0,fake_0166.wav,Fake,0.08,0.92
real_0167.wav,Real,1.0,0.0,fake_0167.wav,Fake,0.0,1.0
real_0168.wav,Real,1.0,0.0,fake_0168.wav,Fake,0.01,0.99
real_0169.wav,Real,1.0,0.0,fake_0169.wav,Fake,0.1,0.9
real_0170.wav,Real,1.0,0.0,fake_0170.wav,Fake,0.01,0.99
real_0171.wav,Real,1.0,0.0,fake_0171.wav,Fake,0.44,0.56
real_0172.wav,Real,1.0,0.0,fake_0172.wav,Fake,0.03,0.97
real_0173.wav,Real,1.0,0.0,fake_0173.wav,Fake,0.01,0.99
real_0174.wav,Real,1.0,0.0,fake_0174.wav,Fake,0.05,0.95
real_0175.wav,Real,1.0,0.0,fake_0175.wav,Fake,0.02,0.98
real_0176.wav,Real,1.0,0.0,fake_0176.wav,Fake,0.01,0.99
real_0177.wav,Real,1.0,0.0,fake_0177.wav,Fake,0.0,1.0
real_0178.wav,Real,1.0,0.0,fake_0178.wav,Fake,0.0,1.0
real_0179.wav,Real,1.0,0.0,fake_0179.wav,Fake,0.02,0.98
real_0180.wav,Real,1.0,0.0,fake_0180.wav,Fake,0.01,0.99
real_0181.wav,Real,1.0,0.0,fake_0181.wav,Fake,0.0,1.0
real_0182.wav,Real,1.0,0.0,fake_0182.wav,Fake,0.0,1.0
real_0183.wav,Real,1.0,0.0,fake_0183.wav,Fake,0.01,0.99
real_0184.wav,Real,1.0,0.0,fake_0184.wav,Fake,0.01,0.99
real_0185.wav,Real,1.0,0.0,fake_0185.wav,Fake,0.12,0.88
real_0186.wav,Real,1.0,0.0,fake_0186.wav,Fake,0.03,0.97
real_0187.wav,Real,1.0,0.0,fake_0187.wav,Fake,0.02,0.98
real_0188.wav,Real,1.0,0.0,fake_0188.wav,Fake,0.01,0.99
real_0189.wav,Real,0.99,0.01,fake_0189.wav,Fake,0.02,0.98
real_0190.wav,Real,0.99,0.01,fake_0190.wav,Fake,0.0,1.0
real_0191.wav,Real,0.99,0.01,fake_0191.wav,Fake,0.02,0.98
real_0192.wav,Real,0.99,0.01,fake_0192.wav,Fake,0.0,1.0
real_0193.wav,Real,1.0,0.0,fake_0193.wav,Fake,0.01,0.99
real_0194.wav,Real,1.0,0.0,fake_0194.wav,Fake,0.05,0.95
real_0195.wav,Real,1.0,0.0,fake_0195.wav,Fake,0.01,0.99
real_0196.wav,Real,1.0,0.0,fake_0196.wav,Fake,0.0,1.0
real_0197.wav,Real,1.0,0.0,fake_0197.wav,Fake,0.02,0.98
real_0198.wav,Real,1.0,0.0,fake_0198.wav,Fake,0.06,0.94
real_0199.wav,Real,1.0,0.0,fake_0199.wav,Fake,0.05,0.95
real_0200.wav,Real,1.0,0.0,fake_0200.wav,Fake,0.02,0.98
real_0201.wav,Real,1.0,0.0,fake_0201.wav,Fake,0.09,0.91
real_0202.wav,Real,1.0,0.0,fake_0202.wav,Fake,0.01,0.99
real_0203.wav,Real,1.0,0.0,fake_0203.wav,Fake,0.02,0.98
real_0204.wav,Real,1.0,0.0,fake_0204.wav,Fake,0.02,0.98
real_0205.wav,Real,1.0,0.0,fake_0205.wav,Fake,0.01,0.99
real_0206.wav,Real,1.0,0.0,fake_0206.wav,Fake,0.07,0.93
real_0207.wav,Real,1.0,0.0,fake_0207.wav,Fake,0.01,0.99
real_0208.wav,Real,1.0,0.0,fake_0208.wav,Fake,0.01,0.99
real_0209.wav,Real,1.0,0.0,fake_0209.wav,Fake,0.04,0.96
real_0210.wav,Real,1.0,0.0,fake_0210.wav,Fake,0.02,0.98
real_0211.wav,Real,1.0,0.0,fake_0211.wav,Fake,0.11,0.89
real_0212.wav,Real,1.0,0.0,fake_0212.wav,Fake,0.05,0.95
real_0213.wav,Real,1.0,0.0,fake_0213.wav,Fake,0.0,1.0
real_0214.wav,Real,1.0,0.0,fake_0214.wav,Fake,0.0,1.0
real_0215.wav,Real,1.0,0.0,fake_0215.wav,Fake,0.05,0.95
real_0216.wav,Real,1.0,0.0,fake_0216.wav,Fake,0.03,0.97
real_0217.wav,Real,1.0,0.0,fake_0217.wav,Fake,0.06,0.94
real_0218.wav,Real,1.0,0.0,fake_0218.wav,Fake,0.11,0.89
real_0219.wav,Real,1.0,0.0,fake_0219.wav,Fake,0.27,0.73
real_0220.wav,Real,1.0,0.0,fake_0220.wav,Fake,0.02,0.98
real_0221.wav,Real,1.0,0.0,fake_0221.wav,Fake,0.2,0.8
real_0222.wav,Real,1.0,0.0,fake_0222.wav,Fake,0.07,0.93
real_0223.wav,Real,1.0,0.0,fake_0223.wav,Fake,0.04,0.96
real_0224.wav,Real,1.0,0.0,fake_0224.wav,Fake,0.06,0.94
real_0225.wav,Real,1.0,0.0,fake_0225.wav,Fake,0.08,0.92
real_0226.wav,Real,1.0,0.0,fake_0226.wav,Fake,0.1,0.9
real_0227.wav,Real,1.0,0.0,fake_0227.wav,Fake,0.2,0.8
real_0228.wav,Real,1.0,0.0,fake_0228.wav,Fake,0.04,0.96
real_0229.wav,Real,1.0,0.0,fake_0229.wav,Fake,0.14,0.86
real_0230.wav,Real,1.0,0.0,fake_0230.wav,Fake,0.02,0.98
real_0231.wav,Real,1.0,0.0,fake_0231.wav,Fake,0.04,0.96
real_0232.wav,Real,1.0,0.0,fake_0232.wav,Fake,0.18,0.82
real_0233.wav,Real,1.0,0.0,fake_0233.wav,Fake,0.01,0.99
real_0234.wav,Real,1.0,0.0,fake_0234.wav,Fake,0.03,0.97
real_0235.wav,Real,1.0,0.0,fake_0235.wav,Fake,0.15,0.85
real_0236.wav,Real,1.0,0.0,fake_0236.wav,Fake,0.02,0.98
real_0237.wav,Real,1.0,0.0,fake_0237.wav,Fake,0.03,0.97
real_0238.wav,Real,1.0,0.0,fake_0238.wav,Fake,0.05,0.95
real_0239.wav,Real,1.0,0.0,fake_0239.wav,Fake,0.07,0.93
real_0240.wav,Real,1.0,0.0,fake_0240.wav,Fake,0.04,0.96
real_0241.wav,Real,1.0,0.0,fake_0241.wav,Fake,0.31,0.69
real_0242.wav,Real,1.0,0.0,fake_0242.wav,Fake,0.12,0.88
real_0243.wav,Real,1.0,0.0,fake_0243.wav,Fake,0.07,0.93
real_0244.wav,Real,1.0,0.0,fake_0244.wav,Fake,0.39,0.61
real_0245.wav,Real,0.99,0.01,fake_0245.wav,Fake,0.17,0.83
real_0246.wav,Real,0.99,0.01,fake_0246.wav,Fake,0.18,0.82
real_0247.wav,Real,0.99,0.01,fake_0247.wav,Fake,0.07,0.93
real_0248.wav,Real,0.99,0.01,fake_0248.wav,Fake,0.18,0.82
real_0249.wav,Real,1.0,0.0,fake_0249.wav,Fake,0.09,0.91
real_0250.wav,Real,1.0,0.0,fake_0250.wav,Fake,0.03,0.97
real_0251.wav,Real,1.0,0.0,fake_0251.wav,Fake,0.04,0.96
real_0252.wav,Real,1.0,0.0,fake_0252.wav,Fake,0.01,0.99
real_0253.wav,Real,1.0,0.0,fake_0253.wav,Fake,0.2,0.8
real_0254.wav,Real,1.0,0.0,fake_0254.wav,Fake,0.05,0.95
real_0255.wav,Real,1.0,0.0,fake_0255.wav,Fake,0.03,0.97
real_0256.wav,Real,1.0,0.0,fake_0256.wav,Fake,0.04,0.96
real_0257.wav,Real,1.0,0.0,fake_0257.wav,Fake,0.05,0.95
real_0258.wav,Real,1.0,0.0,fake_0258.wav,Fake,0.14,0.86
real_0259.wav,Real,1.0,0.0,fake_0259.wav,Fake,0.04,0.96
real_0260.wav,Real,1.0,0.0,fake_0260.wav,Fake,0.03,0.97
real_0261.wav,Real,1.0,0.0,fake_0261.wav,Fake,0.06,0.94
real_0262.wav,Real,1.0,0.0,fake_0262.wav,Fake,0.07,0.93
real_0263.wav,Real,1.0,0.0,fake_0263.wav,Fake,0.09,0.91
real_0264.wav,Real,1.0,0.0,fake_0264.wav,Fake,0.07,0.93
real_0265.wav,Real,1.0,0.0,fake_0265.wav,Fake,0.07,0.93
real_0266.wav,Real,1.0,0.0,fake_0266.wav,Fake,0.03,0.97
real_0267.wav,Real,1.0,0.0,fake_0267.wav,Fake,0.1,0.9
real_0268.wav,Real,1.0,0.0,fake_0268.wav,Fake,0.0,1.0
real_0269.wav,Real,1.0,0.0,fake_0269.wav,Fake,0.08,0.92
real_0270.wav,Real,1.0,0.0,fake_0270.wav,Fake,0.08,0.92
real_0271.wav,Real,1.0,0.0,fake_0271.wav,Fake,0.17,0.83
real_0272.wav,Real,1.0,0.0,fake_0272.wav,Fake,0.12,0.88
real_0273.wav,Real,0.99,0.01,fake_0273.wav,Fake,0.06,0.94
real_0274.wav,Real,0.99,0.01,fake_0274.wav,Fake,0.06,0.94
real_0275.wav,Real,0.99,0.01,fake_0275.wav,Fake,0.09,0.91
real_0276.wav,Real,0.99,0.01,fake_0276.wav,Fake,0.16,0.84
real_0277.wav,Real,1.0,0.0,fake_0277.wav,Fake,0.06,0.94
real_0278.wav,Real,1.0,0.0,fake_0278.wav,Fake,0.2,0.8
real_0279.wav,Real,1.0,0.0,fake_0279.wav,Fake,0.03,0.97
real_0280.wav,Real,1.0,0.0,fake_0280.wav,Fake,0.04,0.96
real_0281.wav,Real,1.0,0.0,fake_0281.wav,Fake,0.06,0.94
real_0282.wav,Real,1.0,0.0,fake_0282.wav,Fake,0.04,0.96
real_0283.wav,Real,1.0,0.0,fake_0283.wav,Fake,0.02,0.98
real_0284.wav,Real,1.0,0.0,fake_0284.wav,Fake,0.15,0.85
real_0285.wav,Real,1.0,0.0,fake_0285.wav,Fake,0.09,0.91
real_0286.wav,Real,1.0,0.0,fake_0286.wav,Fake,0.03,0.97
real_0287.wav,Real,1.0,0.0,fake_0287.wav,Fake,0.28,0.72
real_0288.wav,Real,1.0,0.0,fake_0288.wav,Fake,0.07,0.93
real_0289.wav,Real,1.0,0.0,fake_0289.wav,Fake,0.07,0.93
real_0290.wav,Real,1.0,0.0,fake_0290.wav,Fake,0.04,0.96
real_0291.wav,Real,1.0,0.0,fake_0291.wav,Fake,0.01,0.99
real_0292.wav,Real,1.0,0.0,fake_0292.wav,Fake,0.06,0.94
real_0293.wav,Real,1.0,0.0,fake_0293.wav,Fake,0.19,0.81
real_0294.wav,Real,1.0,0.0,fake_0294.wav,Fake,0.01,0.99
real_0295.wav,Real,1.0,0.0,fake_0295.wav,Fake,0.42,0.58
real_0296.wav,Real,1.0,0.0,fake_0296.wav,Fake,0.05,0.95
real_0297.wav,Real,1.0,0.0,fake_0297.wav,Fake,0.09,0.91
real_0298.wav,Real,1.0,0.0,fake_0298.wav,Fake,0.0,1.0
real_0299.wav,Real,1.0,0.0,fake_0299.wav,Fake,0.01,0.99
real_0300.wav,Real,1.0,0.0,fake_0300.wav,Fake,0.0,1.0
real_0301.wav,Real,1.0,0.0,fake_0301.wav,Fake,0.0,1.0
real_0302.wav,Real,1.0,0.0,fake_0302.wav,Fake,0.08,0.92
real_0303.wav,Real,1.0,0.0,fake_0303.wav,Fake,0.04,0.96
real_0304.wav,Real,1.0,0.0,fake_0304.wav,Fake,0.0,1.0
real_0305.wav,Real,1.0,0.0,fake_0305.wav,Fake,0.02,0.98
real_0306.wav,Real,1.0,0.0,fake_0306.wav,Fake,0.01,0.99
real_0307.wav,Real,0.99,0.01,fake_0307.wav,Fake,0.07,0.93
real_0308.wav,Real,0.99,0.01,fake_0308.wav,Fake,0.02,0.98
real_0309.wav,Real,1.0,0.0,fake_0309.wav,Fake,0.04,0.96
real_0310.wav,Real,1.0,0.0,fake_0310.wav,Fake,0.07,0.93
real_0311.wav,Real,1.0,0.0,fake_0311.wav,Fake,0.01,0.99
real_0312.wav,Real,1.0,0.0,fake_0312.wav,Fake,0.02,0.98
real_0313.wav,Real,1.0,0.0,fake_0313.wav,Fake,0.02,0.98
real_0314.wav,Real,1.0,0.0,fake_0314.wav,Fake,0.03,0.97
real_0315.wav,Real,1.0,0.0,fake_0315.wav,Fake,0.06,0.94
real_0316.wav,Real,1.0,0.0,fake_0316.wav,Fake,0.04,0.96
real_0317.wav,Real,1.0,0.0,fake_0317.wav,Fake,0.0,1.0
real_0318.wav,Real,1.0,0.0,fake_0318.wav,Fake,0.0,1.0
real_0319.wav,Real,1.0,0.0,fake_0319.wav,Fake,0.03,0.97
real_0320.wav,Real,1.0,0.0,fake_0320.wav,Fake,0.1,0.9
real_0321.wav,Real,1.0,0.0,fake_0321.wav,Fake,0.03,0.97
real_0322.wav,Real,1.0,0.0,fake_0322.wav,Fake,0.04,0.96
real_0323.wav,Real,1.0,0.0,fake_0323.wav,Fake,0.04,0.96
real_0324.wav,Real,1.0,0.0,fake_0324.wav,Fake,0.03,0.97
real_0325.wav,Real,1.0,0.0,fake_0325.wav,Fake,0.02,0.98
real_0326.wav,Real,1.0,0.0,fake_0326.wav,Fake,0.08,0.92
real_0327.wav,Real,1.0,0.0,fake_0327.wav,Fake,0.04,0.96
real_0328.wav,Real,1.0,0.0,fake_0328.wav,Fake,0.07,0.93
real_0329.wav,Real,1.0,0.0,fake_0329.wav,Fake,0.05,0.95
real_0330.wav,Real,1.0,0.0,fake_0330.wav,Fake,0.03,0.97
real_0331.wav,Real,1.0,0.0,fake_0331.wav,Fake,0.01,0.99
real_0332.wav,Real,1.0,0.0,fake_0332.wav,Fake,0.04,0.96
real_0333.wav,Real,1.0,0.0,fake_0333.wav,Fake,0.19,0.81
real_0334.wav,Real,1.0,0.0,fake_0334.wav,Fake,0.04,0.96
real_0335.wav,Real,1.0,0.0,fake_0335.wav,Fake,0.15,0.85
real_0336.wav,Real,1.0,0.0,fake_0336.wav,Fake,0.05,0.95
real_0337.wav,Real,1.0,0.0,fake_0337.wav,Fake,0.02,0.98
real_0338.wav,Real,1.0,0.0,fake_0338.wav,Fake,0.02,0.98
real_0339.wav,Real,1.0,0.0,fake_0339.wav,Fake,0.13,0.87
real_0340.wav,Real,1.0,0.0,fake_0340.wav,Fake,0.11,0.89
real_0341.wav,Real,1.0,0.0,fake_0341.wav,Fake,0.05,0.95
real_0342.wav,Real,1.0,0.0,fake_0342.wav,Fake,0.01,0.99
real_0343.wav,Real,1.0,0.0,fake_0343.wav,Fake,0.1,0.9
real_0344.wav,Real,1.0,0.0,fake_0344.wav,Fake,0.16,0.84
real_0345.wav,Real,1.0,0.0,fake_0345.wav,Fake,0.1,0.9
real_0346.wav,Real,1.0,0.0,fake_0346.wav,Fake,0.04,0.96
real_0347.wav,Real,0.99,0.01,fake_0347.wav,Fake,0.06,0.94
real_0348.wav,Real,0.99,0.01,fake_0348.wav,Fake,0.02,0.98
real_0349.wav,Real,1.0,0.0,fake_0349.wav,Fake,0.0,1.0
real_0350.wav,Real,1.0,0.0,fake_0350.wav,Fake,0.01,0.99
real_0351.wav,Real,1.0,0.0,fake_0351.wav,Fake,0.01,0.99
real_0352.wav,Real,1.0,0.0,fake_0352.wav,Fake,0.05,0.95
real_0353.wav,Real,1.0,0.0,fake_0353.wav,Fake,0.02,0.98
real_0354.wav,Real,1.0,0.0,fake_0354.wav,Fake,0.02,0.98
real_0355.wav,Real,1.0,0.0,fake_0355.wav,Fake,0.01,0.99
real_0356.wav,Real,1.0,0.0,fake_0356.wav,Fake,0.21,0.79
real_0357.wav,Real,1.0,0.0,fake_0357.wav,Fake,0.04,0.96
real_0358.wav,Real,1.0,0.0,fake_0358.wav,Fake,0.01,0.99
real_0359.wav,Real,1.0,0.0,fake_0359.wav,Fake,0.01,0.99
real_0360.wav,Real,1.0,0.0,fake_0360.wav,Fake,0.07,0.93
real_0361.wav,Real,1.0,0.0,fake_0361.wav,Fake,0.02,0.98
real_0362.wav,Real,1.0,0.0,fake_0362.wav,Fake,0.02,0.98
real_0363.wav,Real,0.99,0.01,fake_0363.wav,Fake,0.07,0.93
real_0364.wav,Real,0.99,0.01,fake_0364.wav,Fake,0.03,0.97
real_0365.wav,Real,1.0,0.0,fake_0365.wav,Fake,0.01,0.99
real_0366.wav,Real,1.0,0.0,fake_0366.wav,Fake,0.09,0.91
real_0367.wav,Real,0.98,0.02,fake_0367.wav,Fake,0.02,0.98
real_0368.wav,Real,0.98,0.02,fake_0368.wav,Fake,0.34,0.66
real_0369.wav,Real,1.0,0.0,fake_0369.wav,Fake,0.01,0.99
real_0370.wav,Real,1.0,0.0,fake_0370.wav,Fake,0.08,0.92
real_0371.wav,Real,1.0,0.0,fake_0371.wav,Fake,0.1,0.9
real_0372.wav,Real,1.0,0.0,fake_0372.wav,Fake,0.11,0.89
real_0373.wav,Real,1.0,0.0,fake_0373.wav,Fake,0.0,1.0
real_0374.wav,Real,1.0,0.0,fake_0374.wav,Fake,0.02,0.98
real_0375.wav,Real,1.0,0.0,fake_0375.wav,Fake,0.01,0.99
real_0376.wav,Real,1.0,0.0,fake_0376.wav,Fake,0.0,1.0
real_0377.wav,Real,1.0,0.0,fake_0377.wav,Fake,0.06,0.94
real_0378.wav,Real,1.0,0.0,fake_0378.wav,Fake,0.17,0.83
real_0379.wav,Real,1.0,0.0,fake_0379.wav,Fake,0.01,0.99
real_0380.wav,Real,1.0,0.0,fake_0380.wav,Fake,0.01,0.99
real_0381.wav,Real,1.0,0.0,fake_0381.wav,Fake,0.02,0.98
real_0382.wav,Real,1.0,0.0,fake_0382.wav,Fake,0.1,0.9
real_0383.wav,Real,1.0,0.0,fake_0383.wav,Fake,0.05,0.95
real_0384.wav,Real,1.0,0.0,fake_0384.wav,Fake,0.05,0.95
real_0385.wav,Real,1.0,0.0,fake_0385.wav,Fake,0.0,1.0
real_0386.wav,Real,1.0,0.0,fake_0386.wav,Fake,0.01,0.99
real_0387.wav,Real,1.0,0.0,fake_0387.wav,Fake,0.01,0.99
real_0388.wav,Real,1.0,0.0,fake_0388.wav,Fake,0.0,1.0
real_0389.wav,Real,1.0,0.0,fake_0389.wav,Fake,0.04,0.96
real_0390.wav,Real,1.0,0.0,fake_0390.wav,Fake,0.09,0.91
real_0391.wav,Real,1.0,0.0,fake_0391.wav,Fake,0.06,0.94
real_0392.wav,Real,1.0,0.0,fake_0392.wav,Fake,0.01,0.99
real_0393.wav,Real,1.0,0.0,fake_0393.wav,Fake,0.01,0.99
real_0394.wav,Real,1.0,0.0,fake_0394.wav,Fake,0.0,1.0
real_0395.wav,Real,0.99,0.01,fake_0395.wav,Fake,0.04,0.96
real_0396.wav,Real,0.99,0.01,fake_0396.wav,Fake,0.03,0.97
real_0397.wav,Real,1.0,0.0,fake_0397.wav,Fake,0.04,0.96
real_0398.wav,Real,1.0,0.0,fake_0398.wav,Fake,0.01,0.99
real_0399.wav,Real,1.0,0.0,fake_0399.wav,Fake,0.01,0.99
real_0400.wav,Real,1.0,0.0,fake_0400.wav,Fake,0.0,1.0
real_0401.wav,Real,1.0,0.0,fake_0401.wav,Fake,0.01,0.99
real_0402.wav,Real,1.0,0.0,fake_0402.wav,Fake,0.0,1.0
real_0403.wav,Real,1.0,0.0,fake_0403.wav,Fake,0.01,0.99
real_0404.wav,Real,1.0,0.0,fake_0404.wav,Fake,0.0,1.0
real_0405.wav,Real,1.0,0.0,fake_0405.wav,Fake,0.01,0.99
real_0406.wav,Real,1.0,0.0,fake_0406.wav,Fake,0.01,0.99
real_0407.wav,Real,1.0,0.0,fake_0407.wav,Fake,0.0,1.0
real_0408.wav,Real,1.0,0.0,fake_0408.wav,Fake,0.0,1.0
real_0409.wav,Real,1.0,0.0,fake_0409.wav,Fake,0.01,0.99
real_0410.wav,Real,1.0,0.0,fake_0410.wav,Fake,0.03,0.97
real_0411.wav,Real,1.0,0.0,fake_0411.wav,Fake,0.02,0.98
real_0412.wav,Real,1.0,0.0,fake_0412.wav,Fake,0.04,0.96
real_0413.wav,Real,1.0,0.0,fake_0413.wav,Fake,0.03,0.97
real_0414.wav,Real,1.0,0.0,fake_0414.wav,Fake,0.03,0.97
real_0415.wav,Real,1.0,0.0,fake_0415.wav,Fake,0.02,0.98
real_0416.wav,Real,1.0,0.0,fake_0416.wav,Fake,0.03,0.97
real_0417.wav,Real,1.0,0.0,fake_0417.wav,Fake,0.06,0.94
real_0418.wav,Real,1.0,0.0,fake_0418.wav,Fake,0.08,0.92
real_0419.wav,Real,1.0,0.0,fake_0419.wav,Fake,0.0,1.0
real_0420.wav,Real,1.0,0.0,fake_0420.wav,Fake,0.0,1.0
real_0421.wav,Real,1.0,0.0,fake_0421.wav,Fake,0.02,0.98
real_0422.wav,Real,1.0,0.0,fake_0422.wav,Fake,0.0,1.0
real_0423.wav,Real,0.99,0.01,fake_0423.wav,Fake,0.05,0.95
real_0424.wav,Real,0.99,0.01,fake_0424.wav,Fake,0.07,0.93
real_0425.wav,Real,1.0,0.0,fake_0425.wav,Fake,0.02,0.98
real_0426.wav,Real,1.0,0.0,fake_0426.wav,Fake,0.26,0.74
real_0427.wav,Real,1.0,0.0,fake_0427.wav,Fake,0.08,0.92
real_0428.wav,Real,1.0,0.0,fake_0428.wav,Fake,0.02,0.98
real_0429.wav,Real,1.0,0.0,fake_0429.wav,Fake,0.01,0.99
real_0430.wav,Real,1.0,0.0,fake_0430.wav,Fake,0.01,0.99
real_0431.wav,Real,1.0,0.0,fake_0431.wav,Fake,0.04,0.96
real_0432.wav,Real,1.0,0.0,fake_0432.wav,Fake,0.0,1.0
real_0433.wav,Real,1.0,0.0,fake_0433.wav,Fake,0.04,0.96
real_0434.wav,Real,1.0,0.0,fake_0434.wav,Fake,0.03,0.97
real_0435.wav,Real,1.0,0.0,fake_0435.wav,Fake,0.08,0.92
real_0436.wav,Real,1.0,0.0,fake_0436.wav,Fake,0.01,0.99
real_0437.wav,Real,0.99,0.01,fake_0437.wav,Fake,0.04,0.96
real_0438.wav,Real,0.99,0.01,fake_0438.wav,Fake,0.07,0.93
real_0439.wav,Real,1.0,0.0,fake_0439.wav,Fake,0.01,0.99
real_0440.wav,Real,1.0,0.0,fake_0440.wav,Fake,0.11,0.89
real_0441.wav,Real,1.0,0.0,fake_0441.wav,Fake,0.01,0.99
real_0442.wav,Real,1.0,0.0,fake_0442.wav,Fake,0.0,1.0
real_0443.wav,Real,1.0,0.0,fake_0443.wav,Fake,0.02,0.98
real_0444.wav,Real,1.0,0.0,fake_0444.wav,Fake,0.04,0.96
real_0445.wav,Real,1.0,0.0,fake_0445.wav,Fake,0.04,0.96
real_0446.wav,Real,1.0,0.0,fake_0446.wav,Fake,0.05,0.95
real_0447.wav,Real,1.0,0.0,fake_0447.wav,Fake,0.02,0.98
real_0448.wav,Real,1.0,0.0,fake_0448.wav,Fake,0.0,1.0
real_0449.wav,Real,1.0,0.0,fake_0449.wav,Fake,0.01,0.99
real_0450.wav,Real,1.0,0.0,fake_0450.wav,Fake,0.0,1.0
real_0451.wav,Real,1.0,0.0,fake_0451.wav,Fake,0.01,0.99
real_0452.wav,Real,1.0,0.0,fake_0452.wav,Fake,0.01,0.99
real_0453.wav,Real,1.0,0.0,fake_0453.wav,Fake,0.0,1.0
real_0454.wav,Real,1.0,0.0,fake_0454.wav,Fake,0.01,0.99
real_0455.wav,Real,1.0,0.0,fake_0455.wav,Fake,0.07,0.93
real_0456.wav,Real,1.0,0.0,fake_0456.wav,Fake,0.02,0.98
real_0457.wav,Real,0.99,0.01,fake_0457.wav,Fake,0.0,1.0
real_0458.wav,Real,0.99,0.01,fake_0458.wav,Fake,0.05,0.95
real_0459.wav,Real,1.0,0.0,fake_0459.wav,Fake,0.02,0.98
real_0460.wav,Real,1.0,0.0,fake_0460.wav,Fake,0.02,0.98
real_0461.wav,Real,1.0,0.0,fake_0461.wav,Fake,0.0,1.0
real_0462.wav,Real,1.0,0.0,fake_0462.wav,Fake,0.07,0.93
real_0463.wav,Real,1.0,0.0,fake_0463.wav,Fake,0.04,0.96
real_0464.wav,Real,1.0,0.0,fake_0464.wav,Fake,0.02,0.98
real_0465.wav,Real,1.0,0.0,fake_0465.wav,Fake,0.03,0.97
real_0466.wav,Real,1.0,0.0,fake_0466.wav,Fake,0.0,1.0
real_0467.wav,Real,1.0,0.0,fake_0467.wav,Fake,0.05,0.95
real_0468.wav,Real,1.0,0.0,fake_0468.wav,Fake,0.0,1.0
real_0469.wav,Real,1.0,0.0,fake_0469.wav,Fake,0.03,0.97
real_0470.wav,Real,1.0,0.0,fake_0470.wav,Fake,0.09,0.91
real_0471.wav,Real,1.0,0.0,fake_0471.wav,Fake,0.01,0.99
real_0472.wav,Real,1.0,0.0,fake_0472.wav,Fake,0.09,0.91
real_0473.wav,Real,1.0,0.0,fake_0473.wav,Fake,0.0,1.0
real_0474.wav,Real,1.0,0.0,fake_0474.wav,Fake,0.0,1.0
real_0475.wav,Real,1.0,0.0,fake_0475.wav,Fake,0.02,0.98
real_0476.wav,Real,1.0,0.0,fake_0476.wav,Fake,0.0,1.0
real_0477.wav,Real,1.0,0.0,fake_0477.wav,Fake,0.02,0.98
real_0478.wav,Real,1.0,0.0,fake_0478.wav,Fake,0.02,0.98
real_0479.wav,Real,1.0,0.0,fake_0479.wav,Fake,0.1,0.9
real_0480.wav,Real,1.0,0.0,fake_0480.wav,Fake,0.0,1.0
real_0481.wav,Real,1.0,0.0,fake_0481.wav,Fake,0.03,0.97
real_0482.wav,Real,1.0,0.0,fake_0482.wav,Fake,0.03,0.97
real_0483.wav,Real,1.0,0.0,fake_0483.wav,Fake,0.03,0.97
real_0484.wav,Real,1.0,0.0,fake_0484.wav,Fake,0.03,0.97
real_0485.wav,Real,1.0,0.0,fake_0485.wav,Fake,0.02,0.98
real_0486.wav,Real,1.0,0.0,fake_0486.wav,Fake,0.01,0.99
real_0487.wav,Real,1.0,0.0,fake_0487.wav,Fake,0.01,0.99
real_0488.wav,Real,1.0,0.0,fake_0488.wav,Fake,0.03,0.97
real_0489.wav,Real,1.0,0.0,fake_0489.wav,Fake,0.01,0.99
real_0490.wav,Real,1.0,0.0,fake_0490.wav,Fake,0.01,0.99
real_0491.wav,Real,1.0,0.0,fake_0491.wav,Fake,0.05,0.95
real_0492.wav,Real,1.0,0.0,fake_0492.wav,Fake,0.0,1.0
real_0493.wav,Real,1.0,0.0,fake_0493.wav,Fake,0.0,1.0
real_0494.wav,Real,1.0,0.0,fake_0494.wav,Fake,0.03,0.97
real_0495.wav,Real,1.0,0.0,fake_0495.wav,Fake,0.03,0.97
real_0496.wav,Real,1.0,0.0,fake_0496.wav,Fake,0.01,0.99
real_0497.wav,Real,0.99,0.01,fake_0497.wav,Fake,0.04,0.96
real_0498.wav,Real,0.99,0.01,fake_0498.wav,Fake,0.06,0.94
real_0499.wav,Real,1.0,0.0,fake_0499.wav,Fake,0.03,0.97
real_0500.wav,Real,1.0,0.0,fake_0500.wav,Fake,0.02,0.98
real_0501.wav,Real,1.0,0.0,fake_0501.wav,Fake,0.03,0.97
real_0502.wav,Real,1.0,0.0,fake_0502.wav,Fake,0.08,0.92
real_0503.wav,Real,1.0,0.0,fake_0503.wav,Fake,0.03,0.97
real_0504.wav,Real,1.0,0.0,fake_0504.wav,Fake,0.05,0.95
real_0505.wav,Real,1.0,0.0,fake_0505.wav,Fake,0.0,1.0
real_0506.wav,Real,1.0,0.0,fake_0506.wav,Fake,0.02,0.98
real_0507.wav,Real,1.0,0.0,fake_0507.wav,Fake,0.02,0.98
real_0508.wav,Real,1.0,0.0,fake_0508.wav,Fake,0.06,0.94
real_0509.wav,Real,1.0,0.0,fake_0509.wav,Fake,0.0,1.0
real_0510.wav,Real,1.0,0.0,fake_0510.wav,Fake,0.02,0.98
real_0511.wav,Real,1.0,0.0,fake_0511.wav,Fake,0.01,0.99
real_0512.wav,Real,1.0,0.0,fake_0512.wav,Fake,0.01,0.99
real_0513.wav,Real,0.99,0.01,fake_0513.wav,Fake,0.13,0.87
real_0514.wav,Real,0.99,0.01,fake_0514.wav,Fake,0.0,1.0
real_0515.wav,Real,1.0,0.0,fake_0515.wav,Fake,0.01,0.99
real_0516.wav,Real,1.0,0.0,fake_0516.wav,Fake,0.01,0.99
real_0517.wav,Real,0.98,0.02,fake_0517.wav,Fake,0.0,1.0
real_0518.wav,Real,0.98,0.02,fake_0518.wav,Fake,0.01,0.99
real_0519.wav,Real,1.0,0.0,fake_0519.wav,Fake,0.01,0.99
real_0520.wav,Real,1.0,0.0,fake_0520.wav,Fake,0.07,0.93
real_0521.wav,Real,1.0,0.0,fake_0521.wav,Fake,0.02,0.98
real_0522.wav,Real,1.0,0.0,fake_0522.wav,Fake,0.02,0.98
real_0523.wav,Real,1.0,0.0,fake_0523.wav,Fake,0.01,0.99
real_0524.wav,Real,1.0,0.0,fake_0524.wav,Fake,0.06,0.94
real_0525.wav,Real,1.0,0.0,fake_0525.wav,Fake,0.02,0.98
real_0526.wav,Real,1.0,0.0,fake_0526.wav,Fake,0.0,1.0
real_0527.wav,Real,1.0,0.0,fake_0527.wav,Fake,0.0,1.0
real_0528.wav,Real,1.0,0.0,fake_0528.wav,Fake,0.02,0.98
real_0529.wav,Real,1.0,0.0,fake_0529.wav,Fake,0.0,1.0
real_0530.wav,Real,1.0,0.0,fake_0530.wav,Fake,0.02,0.98
real_0531.wav,Real,1.0,0.0,fake_0531.wav,Fake,0.02,0.98
real_0532.wav,Real,1.0,0.0,fake_0532.wav,Fake,0.02,0.98
real_0533.wav,Real,1.0,0.0,fake_0533.wav,Fake,0.01,0.99
real_0534.wav,Real,1.0,0.0,fake_0534.wav,Fake,0.04,0.96
real_0535.wav,Real,1.0,0.0,fake_0535.wav,Fake,0.04,0.96
real_0536.wav,Real,1.0,0.0,fake_0536.wav,Fake,0.01,0.99
real_0537.wav,Real,1.0,0.0,fake_0537.wav,Fake,0.01,0.99
real_0538.wav,Real,1.0,0.0,fake_0538.wav,Fake,0.01,0.99
real_0539.wav,Real,1.0,0.0,fake_0539.wav,Fake,0.0,1.0
real_0540.wav,Real,1.0,0.0,fake_0540.wav,Fake,0.01,0.99
real_0541.wav,Real,1.0,0.0,fake_0541.wav,Fake,0.03,0.97
real_0542.wav,Real,1.0,0.0,fake_0542.wav,Fake,0.0,1.0
real_0543.wav,Real,1.0,0.0,fake_0543.wav,Fake,0.01,0.99
real_0544.wav,Real,1.0,0.0,fake_0544.wav,Fake,0.02,0.98
real_0545.wav,Real,0.99,0.01,fake_0545.wav,Fake,0.09,0.91
real_0546.wav,Real,0.99,0.01,fake_0546.wav,Fake,0.02,0.98
real_0547.wav,Real,1.0,0.0,fake_0547.wav,Fake,0.03,0.97
real_0548.wav,Real,1.0,0.0,fake_0548.wav,Fake,0.01,0.99
real_0549.wav,Real,1.0,0.0,fake_0549.wav,Fake,0.03,0.97
real_0550.wav,Real,1.0,0.0,fake_0550.wav,Fake,0.03,0.97
real_0551.wav,Real,1.0,0.0,fake_0551.wav,Fake,0.01,0.99
real_0552.wav,Real,1.0,0.0,fake_0552.wav,Fake,0.01,0.99
real_0553.wav,Real,1.0,0.0,fake_0553.wav,Fake,0.04,0.96
real_0554.wav,Real,1.0,0.0,fake_0554.wav,Fake,0.02,0.98
real_0555.wav,Real,1.0,0.0,fake_0555.wav,Fake,0.04,0.96
real_0556.wav,Real,1.0,0.0,fake_0556.wav,Fake,0.02,0.98
real_0557.wav,Real,1.0,0.0,fake_0557.wav,Fake,0.03,0.97
real_0558.wav,Real,1.0,0.0,fake_0558.wav,Fake,0.01,0.99
real_0559.wav,Real,1.0,0.0,fake_0559.wav,Fake,0.04,0.96
real_0560.wav,Real,1.0,0.0,fake_0560.wav,Fake,0.01,0.99
real_0561.wav,Real,1.0,0.0,fake_0561.wav,Fake,0.09,0.91
real_0562.wav,Real,1.0,0.0,fake_0562.wav,Fake,0.02,0.98
real_0563.wav,Real,1.0,0.0,fake_0563.wav,Fake,0.01,0.99
real_0564.wav,Real,1.0,0.0,fake_0564.wav,Fake,0.03,0.97
real_0565.wav,Real,1.0,0.0,fake_0565.wav,Fake,0.28,0.72
real_0566.wav,Real,1.0,0.0,fake_0566.wav,Fake,0.01,0.99
real_0567.wav,Real,1.0,0.0,fake_0567.wav,Fake,0.07,0.93
real_0568.wav,Real,1.0,0.0,fake_0568.wav,Fake,0.01,0.99
real_0569.wav,Real,1.0,0.0,fake_0569.wav,Fake,0.01,0.99
real_0570.wav,Real,1.0,0.0,fake_0570.wav,Fake,0.11,0.89
real_0571.wav,Real,1.0,0.0,fake_0571.wav,Fake,0.06,0.94
real_0572.wav,Real,1.0,0.0,fake_0572.wav,Fake,0.08,0.92
real_0573.wav,Real,0.99,0.01,fake_0573.wav,Fake,0.09,0.91
real_0574.wav,Real,0.99,0.01,fake_0574.wav,Fake,0.24,0.76
real_0575.wav,Real,1.0,0.0,fake_0575.wav,Fake,0.05,0.95
real_0576.wav,Real,1.0,0.0,fake_0576.wav,Fake,0.11,0.89
real_0577.wav,Real,1.0,0.0,fake_0577.wav,Fake,0.19,0.81
real_0578.wav,Real,1.0,0.0,fake_0578.wav,Fake,0.13,0.87
real_0579.wav,Real,1.0,0.0,fake_0579.wav,Fake,0.08,0.92
real_0580.wav,Real,1.0,0.0,fake_0580.wav,Fake,0.11,0.89
real_0581.wav,Real,1.0,0.0,fake_0581.wav,Fake,0.04,0.96
real_0582.wav,Real,1.0,0.0,fake_0582.wav,Fake,0.06,0.94
real_0583.wav,Real,1.0,0.0,fake_0583.wav,Fake,0.16,0.84
real_0584.wav,Real,1.0,0.0,fake_0584.wav,Fake,0.16,0.84
real_0585.wav,Real,1.0,0.0,fake_0585.wav,Fake,0.05,0.95
real_0586.wav,Real,1.0,0.0,fake_0586.wav,Fake,0.14,0.86
real_0587.wav,Real,0.99,0.01,fake_0587.wav,Fake,0.06,0.94
real_0588.wav,Real,0.99,0.01,fake_0588.wav,Fake,0.03,0.97
real_0589.wav,Real,1.0,0.0,fake_0589.wav,Fake,0.07,0.93
real_0590.wav,Real,1.0,0.0,fake_0590.wav,Fake,0.11,0.89
real_0591.wav,Real,1.0,0.0,fake_0591.wav,Fake,0.05,0.95
real_0592.wav,Real,1.0,0.0,fake_0592.wav,Fake,0.11,0.89
real_0593.wav,Real,1.0,0.0,fake_0593.wav,Fake,0.03,0.97
real_0594.wav,Real,1.0,0.0,fake_0594.wav,Fake,0.05,0.95
real_0595.wav,Real,1.0,0.0,fake_0595.wav,Fake,0.09,0.91
real_0596.wav,Real,1.0,0.0,fake_0596.wav,Fake,0.19,0.81
real_0597.wav,Real,1.0,0.0,fake_0597.wav,Fake,0.2,0.8
real_0598.wav,Real,1.0,0.0,fake_0598.wav,Fake,0.46,0.54
real_0599.wav,Real,1.0,0.0,fake_0599.wav,Fake,0.1,0.9
real_0600.wav,Real,1.0,0.0,fake_0600.wav,Fake,0.06,0.94
